pottedPlants	213.2	213.3	213.4	213.5	213.6
pots	218.0	218.1	218.2	218.3	211.2	205.41
grainBags	205.17	205.18	205.19	205.20
flowers	254.26	254.27	254.28	254.29	432.19
hangingPlant	213.13	213.14
woodPillar	100.14	100.15	100.16
servinggirls	182.11	182.12
beggars	182.30	182.21	182.31	182.29	184.27
children	182.4	184.15	182.38	182.42	182.43	182.53	182.52
commonersmen	182.20	182.35	197.1	357.1	184.17	182.46	182.17	182.16	182.24	182.23	184.20	184.24	184.25	182.25	334.0	182.39	182.18	182.13	182.14	182.19
commonerswomen	184.30	184.32	182.47	182.12	182.26	184.28	184.29	184.33	334.5	182.45	184.18	184.23	184.22	184.26
cooks	182.7	182.8
daedricprinces	175.0	175.1	175.2	175.3	175.4	175.5	175.6	175.7	175.8	175.9	175.10	175.11	175.12	175.13	175.14	175.15
darkbrotherhood	176.6	176.5	176.4	176.3	176.2	176.1	176.0
elders	184.21	182.44	183.15	183.17	184.2
innkeepers	346.1	184.16	182.1	182.2	182.3
jesters	182.5	182.6	182.49
knights	183.2	183.3	183.4
mages	177.4	177.3	177.2	177.1	177.0	182.41	334.1	182.40	184.1
minstrels	182.37	184.3	182.50	182.51
smiths	177.5	182.59
necromancers	178.5	178.6	178.1	178.0	178.4	178.2	178.3
noblemen	183.5	183.16	180.3	183.0	183.10	183.13	183.20	183.6	197.10	197.4	197.9	182.15	184.0	184.4	195.11	334.17	334.18	346.7	357.3	180.2	183.7
noblewomen	180.0	197.7	197.8	182.27	184.19	183.11	182.9	182.10	184.5	334.4	346.0	180.1	183.1	183.14	183.18	183.21	183.8	183.9
prostitutes	184.6	184.7	184.8	184.9	184.10	184.11	184.12	184.13	184.14	182.34	182.48	182.58	182.57
temple	183.12	182.33	181.7	181.6	181.5	181.4	182.32	182.28	182.22	181.3	181.2	181.1	181.0
vampires	182.56	182.54	182.55
witchcovens	179.3	179.2	179.1	179.0	179.4
baskets	205.8	205.9	205.10
blood	206.33	206.34
boilingpotions	208.2	253.41
bones	206.29	206.30	206.31	206.32	206.8
books	216.40	209.0	209.1	209.2	209.3	209.4
boots	204.1	204.2
bottlesalchemy	205.1	205.2	205.3	205.4	205.5	205.6	205.7
bottles	205.11	205.12	205.13	205.14	205.15	205.16
buckets	205.29	205.30
chests	205.21	205.22	205.23	205.24	205.25	205.26
cups	200.0	200.1	200.2	200.3	200.4	200.5	200.6
drapes	211.43	211.44	211.45	211.46
fishfillets	211.41	211.42
deadwood	213.11	213.12
crowns	216.6	216.7	216.8	216.9
fishes	211.8	211.9	211.10	211.11
flasks	205.31	205.32	205.33	205.34	205.35	205.43
gems	216.10	216.11	216.12	216.13	216.14	216.15	216.16	216.17	216.18	216.19
hammers	214.2	214.3
hats	204.3	204.4	204.5
loomtables	200.15	200.16
magnifyingglasses	208.1	208.5
miniaturehouses	211.37	211.38	211.39
parchments	209.5	209.6	209.7	209.8	209.9	209.10
piecesofarmor	207.9	207.10	207.11	207.12	207.13	207.14
pillows	200.11	200.13
rings	216.4	216.5
rollsofcloth	204.6	204.7	204.8
scoops	214.4	214.11
shovels	214.0	214.1
smokingpipes	211.24	211.25
statuejulianos	97.6	97.7	97.8
statuekynareth	97.13	97.14	97.15	97.16	97.17
statuemen	97.0	97.9
statuewomen	97.2	97.4	97.5	97.10	97.11
statuezenithar	97.1	97.18	97.19	97.20	97.21
statuettes	202.5	202.6
tablets	209.11	209.12	209.13	209.14	209.15
treasure	216.0	216.2	216.22	216.23	216.24	216.25	216.26	216.27	216.28	216.29	216.30	216.31	216.32	216.33	216.34	216.35	216.37	216.38	216.39	216.41	216.42	216.43	216.44	216.45	216.46	216.47
wagonwheels	211.15	211.16
weapons	207.0	207.1	207.2	207.3	207.4	207.5	207.6	207.7	207.8	207.15	207.16
wheelbarrows	205.27	205.28
woodlandrocks	504.4	504.3	504.5	504.6
woodlandtrees	504.11	504.12	504.13	504.14	504.15	504.16	504.17	504.18	504.19	504.20	504.25	504.30	504.31
woodlandplants	504.21	504.22	504.23	504.26	504.2	504.1	504.7	504.8	504.9	504.10	504.24	504.27	504.28	504.29
ceilingroots	213.7	213.8	213.9	213.10
columns	203.2	203.3	203.4	203.0	203.1	203.5	203.6
corpsepiles	206.22	206.23	206.24
crucifiedcorpse	206.15	206.16
hangingchains	211.4	211.5	211.6	211.7
headspikes	206.17	206.18
impaledcorpses	206.11	206.12	206.13
ironmaidens	211.26	211.27
skulls	206.0	206.1	206.3	206.4	206.5	206.6
skullsonpikes	206.2	206.7	206.9
stalactites	300.0	300.1	300.2	300.3	300.4	300.5
stalagmites	300.6	300.7	300.8	300.9	300.10	300.11	300.12	300.13	300.14	300.15
statuesmonsters	98.0	98.1	98.2	98.3	98.4	98.5	98.6	98.7	98.8	98.9	98.10	98.11	98.12	98.13	98.14	202.0	202.1	202.2	202.3	202.4
stocks	211.18	211.19
tombstones	206.19	206.20	206.21
underwateranimated	106.0	106.1	106.2	106.3	106.4	106.5	106.6
underwater	105.0	105.1	105.2	105.3	105.4	105.5	105.6	105.7	105.8	105.9	105.10
cats	201.7	201.8
cows	201.3	201.4
dogs	201.9	201.10
horses	201.0	201.1
pigs	201.5	201.6
crops	301.0	301.1	301.2	301.3	301.4	301.5	301.6	301.7	301.8	301.9	301.10	301.11	301.12	301.13	301.14	301.15	301.16	301.17	301.18	301.19	301.20	301.21	301.22	301.23
fountains	212.2	212.3
hayricks	212.15	212.16
shrubs	213.15	213.16	213.17
signposts	212.4	212.5	212.6
standingstones	212.17	212.18
wellpumps	212.8	212.9	212.10
woodposts	212.13	212.14
candles	210.2	210.3	210.4
chandeliers	210.7	210.9	210.10	210.23
hanginglamps	210.8	210.11	210.12	210.13
hanginglanterns	210.22	210.24	210.25	210.26	210.27
mountedtorches	210.16	210.17	210.18
standinglanterns	210.14	210.15
streetlamps	210.28	210.29
plantsdesert	503.1	503.7	503.8	503.9	503.10	503.14	503.15	503.16	503.17	503.23	503.24	503.25	503.26	503.27	503.29	503.31
plantshaunted	508.2	508.7	508.8	508.9	508.11	508.14	508.21	508.22	508.23	508.26	508.27	508.28	508.29
plantsmountains	510.2	510.7	510.8	510.9	510.10	510.21	510.22	510.23	510.26	510.29
plantsrainforest	500.1	500.2	500.5	500.6	500.7	500.8	500.9	500.10	500.11	500.20	500.21	500.22	500.23	500.24	500.26	500.27	500.29	500.31
plantssteppes	5.7	5.8	5.9	5.10	5.17	5.23	5.24	5.25	5.26	5.27	5.29	5.31
plantssubtropical	501.1	501.2	501.7	501.8	501.9	501.14	501.18	501.20	501.21	501.22	501.25	501.26	501.27	501.28	501.29	501.31
plantsswamp	502.1	502.7	502.8	502.9	502.11	502.14	502.20	502.21	502.22	502.23	502.26	502.27	502.28	502.29	502.31
plantswoodlandhills	506.2	506.7	506.8	506.9	506.21	506.22	506.23	506.26	506.27	506.29	506.31
rocksdesert	503.2	503.3	503.4	503.6	503.18	503.19	503.20	503.2	503.22
rockshaunted	508.1	508.3	508.4	508.5	508.6	508.10	508.12	508.17
rocksmountains	510.1	510.3	510.4	510.6	510.14	510.17	510.18	510.27	510.28	510.31
rocksrainforest	500.4	500.17	500.19	500.28
rockssteppes	5.1	5.2	5.3	5.4	5.6	5.18	5.19	5.20	5.21	5.22
rockssubtropical	501.3	501.4	501.5	501.6	501.10	501.23
rocksswamp	502.2	502.3	502.4	502.5	502.6	502.10
rockswoodlandhills	506.1	506.3	506.4	506.6	506.17	506.18	506.28
treesdesert	503.5	503.11	503.12	503.13	503.28	503.30
treeshaunted	508.13	508.15	508.16	508.18	508.19	508.20	508.24	508.25	508.30	508.31
treesmountains	510.5	510.11	510.12	510.13	510.15	510.16	510.19	510.20	510.24	510.25	510.30
treesrainforest	500.3	500.12	500.13	500.14	500.15	500.16	500.18	500.25	500.30
treessteppes	5.5	5.11	5.12	5.13	5.14	5.15	5.16	5.28	5.30
treessubtropical	501.11	501.12	501.13	501.15	501.16	501.17	501.19	501.24	501.30
treesswamp	502.12	502.13	502.15	502.16	502.17	502.18	502.19	502.24	502.25	502.30
treeswoodlandhills	506.5	506.10	506.11	506.12	506.13	506.14	506.15	506.16	506.19	506.20	506.24	506.25	506.30