paintings	51115	51116	51117	51118	51119	51120
carpets	74800	74801	74802	74803	74804	74805	74806	74807	74808	75800	75801	75802	75803	75804	75805	75806	75807	75808
crates	41815	41816	41817	41818	41819	41820	41821	41822	41823	41824	41825	41826	41827	41828	41829	41830	41831	41832	41833	41834
tables	41108	41109	41110	41111	41112	41130	51103	51104
{ woodTreeLog	new string[] { 41734	41735	41736	41737	41738 } }
chests	41811	41812	41813
fountains	41220	41221	41222
ships	41502	41504	41501	909	910	41507	41512
beds	41000	41001	41002
chair	41100	41101	41102	41103
bench	41105	41106	41107	41126	51108	51109	43307
sword	74224	74227
brownWalls	518	520	21104
brownWallsCorner	517	519	21105
towershex	41223	41224	41225	41226	41227	41228	41229
towerspent	41230	41231	41232	41233	41234
bannerdag	42536	42548	42560	42500	42512	42524
bannerdir	42540	42552	42564	42504	42516	42528
bannerdwy	42541	42553	42565	42505	42517	42529
bannerofl	42543	42507	42519	42531	42555	42567
bannerola	42542	42554	42566	42506	42518	42530
bannersen	42537	42549	42561	42501	42513	42525
bannerway	42538	42550	42562	42502	42514	42526
bannerlrg	42558	42570	42546	42557	42569	42545	42544	42547	42556	42568	42559	42571	42539	42551	42563
bannersml	42510	42522	42534	42533	42509	42521	42508	42520	42532	42511	42523	42503	42515	42527	42535
rockssmall	41704	41710	41712	60711	60712	60713	60714	60715	60716	60717	60718	60719	60720
rocksmedium	41705	41706	41707	41708	41709	41711	41713
rockslarge	41714	41715	41716	41717	41718	41719	60710
signakatosh	43733	43752	43714
signalchemy	43720	43739	43702
signarkay	43718	43737	43700
signarmorer	43725	43744
signbank	43730	43749	43711
signclothes	43721	43740	43703
signdibella	43724	43743	43706
signneralstore	43731	43750	43712
signjeweler	43726	43745	43707
signjulianos	43719	43738	43701
signkynareth	43734	43753	43715
signlibrary	43735	43754	43716
signmagesguild	43722	43741	43704
signmara	43728	43747	43709
signpawnshop	43732	43751	43713
signstendarr	43729	43748	43710
signtavern	43727	43746	43708
signweapons	43736	43755	43717
signzenithar	43723	43742	43705
altar	51110	51111	41304	41307	41309	41310	41311	41305	51112	51113	51114
coffinwood	41315	41317	41316	41318	41322	41323	41325	41326
coffinstone	41319	41320	41321	41324	41327
statue	62323	62325	62327	62329
statuelarg	62324	62326	62328	62330
drawer	41034	41050	41037	41036	41035
lectern	41024	41020	41021	41022
stool	41113	41114
throne	41122	41123	41104
shelfalchemy	41042	41043	41041	41044
shelfbooks	41006	41019	41026	41015	41018	41025	41014
shelfclothes	41013	41011	41012	41010
shelffood	41040	41029	41039	41027	41046
shelfutility	41005	41045
shelfweapons	41031	41028	41048	41049	41047
tombroken	43129	43130	43131	43132	43206
graveyardgates	43003	43004	43005	43006	43007	43008	43009	43010	62310	62312	62317
graveyardmonuments	43079	43080	43081	43082	43109	43110	43111	43112	43202	43204	62314
tombpillardark	43071	43105	43125
tombpillargray	43073	43107	43127
tombpillarred	43072	43106	43126
tombpillarwhite	43074	43108	43128	43303
ankh	43083	43084	43085	43086	43121	43122	43123	43124
casket	43075	43076	43077	43078	43304	43305	43306
slabdark	43027	43031	43035
slabgreen	43029	43033	43037
slabred	43028	43032	43036
slabwhite	43030	43034	43038
tomblargedark	43133	43142	43200	43201	43203	43205
tomblargegray	43135	43144
tomblargered	43134	43143
tomblargewhite	43136	43145
tombmediumdark	43055	43059	43063	43067	43101	43117
tombmediumgray	43057	43061	43065	43069	43103	43119
tombmediumred	43056	43060	43064	43068	43102	43118
tombmediumwhite	43058	43062	43066	43070	43104	43120
tombsmalldark	43011	43015	43019	43023	43039	43043	43047	43051
tombsmallgray	43013	43017	43021	43025	43041	43045	43049	43053	43300	43301
tombsmallred	43012	43016	43020	43024	43040	43044	43048	43052	43302
tombsmallwhite	43014	43018	43022	43026	43042	43046	43050	43054
room1x1door1	67033	67133	67233	70000	70100	70036	70136
room2x2door1	62008	62108	62208	64300	64301	64302	64303	68000	68100	68200	70007	70043	70107	70143
room2x2door2	58038	62028	62128	62228	64305	71101	71106	71201	71206	71301	71306
room2x2door2closet	71409	71509	71609	71700	71800	71900
room2x2door3closets	71702	71802	71902
room1x2door1	70001	70037	70101	70137
room2x4door1arched	62306	62406	62506
room1x3door1	70038	70102	70138
room1x4door1	70039	70103	70139	70003
room2x4door2	71107	71207	71307
room2x1door1	70006	70106	70042	70142
room2x5door1	70010	70046	70110	70146
room1x5door1	70004	70040	70104	70140
room1x6door1	70005	70041	70105	70141
room4x10door1	62011	62111	62211
room2x6door1	70011	70047	70111	70147
room4x2door1	62009	62109	62209	70019	70055	70119	70155	71100	71200	71300
room4x2door1arched	62305	62405	62505
room4x3door1shapeJ	70501	70601	70701
room4x4door1	62010	62110	62210	68001	68101	72010	68201	70021	70057	70121	70157
room4x4door1arched	62307	62407	62507
room4x4door1archedledgegap	62029	62129	62229
room4x4door2arched	62308	62309	62408	62409	62508	62509
room2x2door3	71400	71402	71500	71502	71600
room2x2door4	71403	71503	71603
room4x4door1closet	71407	71507	71607	71708	71808	71908
room2x3door1	70008	70108	70144	70044
room4x6door2	58039	72001	72002
room4x6door3	72006	72007	72008
room3x2door3	71405	71406	71505	71506	71605	71606	71401	71501	71601
room4x6door1angled	70506	70706	70606
room4x6door1vaulted	70802	70806	71002	70902	70906	71006
room2x4door1	70009	70045	70109	70145
room4x8door2vaulted	70807	70907	71007
room3x1door1	70012	70048	70112	70148
room6x3door1angled	71408	71508	71608
room3x2door1	70113	70013	70049	70149
room3x2door2	71104	71108	71204	71208	71304	71308
room6x4door1shapeB	70509	70609	70709
room6x4door1closet	70504	70604	70704
room6x4door2closet	71103	71203	71303
room6x4door3shapeP	71703	71803	71903
room6x4door3arched	62005	62105	62205
room3x3door1	70014	70114	70050	70150
room3x3door2	71710	71810	71910
room6x6door2	58037	72003	72004
room6x6door2arched	62003	62006	62103	62106	62203	62206
room6x6door1angled	70608	70708	70507	70508	70607	70707
room6x6door1closet	70503	70703	70603
room6x6door1shapeM	70800	71000	70900
room6x6door3shapeM	71706	71707	71806	71807	71906	71907
room6x6door1vaulted	70803	70903	71003
room6x6door2archedshapeM	62007	62107	62207
room6x6door2closet	71709	71809	71909
room6x6door2closets	70505	70605	70705
room6x6door3shapeL	71704	71804	71904
room3x3door4	71404	71504	71604	71705	71805	71905
room6x6door4arched	62301	62401	62501
room6x6door4archedbridge	62302	62402	62502
room3x4door1	70015	70051	70115	70151
room6x8door1vaulted	70804	70904	71004
room3x5door4	70016	70052	70116	70152
room6x10door1vaulted	70805	70905	71005
room6x10door2vaulted	70808	70908	71008
room3x6door1	70017	70053	70117	70153
room4x1door1	70018	70054	70118	70154
room4x2door2	71102	71202	71302	71105	71205	71305	71701	71801	71901
room8x4door1shapeB	70500	70600	70700
room4x3door1	70020	70056	70120	70156
room8x6door1angled	70502	70602	70702
room4x4door3	71109	71209	71309	72016
room4x5door1	70022	70058	70122	70158
room8x10door2vaulted	70809	70909	71009
room4x6door1	70023	70059	70123	70159	72011
room5x1door1	70024	70060	70124	70160
room5x2door1	70025	70061	70125	70161
room5x3door1	70026	70062	70126	70162
room5x4door1	70027	70063	70127	70163
room10x8door1split	70901	71001	70801
room5x5door1	70028	70064	70128	70164
room10x10door2arched	62004	62104	62204
room10x12door2arched	70029	70065	70129	70165
room6x1door1	70030	70066	70130	70166
room6x2door1	70031	70067	70131	70167
room6x3door1	70032	70068	70132	70168
room6x4door1	70033	70069	70133	70169	72012
room6x5door1	70034	70070	70134	70170
room6x6door1	70035	70071	70135	70171
corrhex2way2corrniches	63050	63150	63250
corrhex2way	63000	63024	63100	63124	63200	63224	63001	63101	63201	63002	63102	63202
corrhex2waydoor1	63008	63009	63010	63011	63030	63037	63108	63109	63110	63111	63130	63137	63208	63209	63210	63211	63230	63237
corrhex2waydoor2	63012	63013	63018	63019	63020	63021	63038	63112	63113	63118	63119	63120	63121	63138	63212	63213	63218	63219	63220	63221	63238
corrhex2waydoor3	63014	63015	63016	63017	63114	63115	63116	63117	63214	63215	63216	63217
corrhex2waydoor4	63025	63125	63225
corrhex2waydiag	63035	63036	63135	63136	63235	63236
corrhex2wayniches	63049	63149	63249
corrhex2wayS	63039	63139	63239
corrhex2waywindow	63053	63153	63253	63054	63154	63254	63055	63155	63255
corrhex2waybeams	63022	63023	63059	63122	63123	63159	63222	63223	63259
corrhex2waydiagdoor1	63056	63156	63256
corrhex3way	63028	63128	63228
corrhex3waydoor1	63029	63129	63229
corrhex3waydiag	63032	63132	63232
corrhex4way	63042	63142	63242
corrhex4waydiag	63031	63131	63231
corrhexcorner	63033	63034	63133	63134	63233	63234
corrhexcornerdoor1	63051	63052	63151	63152	63251	63252
corrhexdeadend	63003	63103	63203
corrhexdeadenddoor1	63004	63005	63007	63104	63105	63107	63204	63205	63207
corrhexdeadenddoor2	63006	63058	63106	63158	63206	63258
corrhextranscave	63047	63147	63247
corrhextransnarrow	63045	63145	63245
corrhextranssquare	63048	63148	63248
corrhextransarched	63046	63146	63246
corrhexramp	63040	63041	63140	63141	63240	63241
corrhexrampcorridor	63043	63044	63143	63144	63143	63244
corrhexrampdiagonal	63057	63157	63257
corrhexstairs	63026	63027	63126	63127	63226	63227
corrnarrow2way	69010	69007
corrnarrow3way	69002	69004
corrnarrowcorner	69005	69006
corrsquare2waydoor1	66007	66107	66207	67011	67111	67211
corrsquare2waydoor2	66021	66121	66221	67012	67013	67112	67113	67212	67213
corrsquare2waychuteceiling	67325	67425	67525
corrsquare2waychuteceilingfloor	67335	67435	67535
corrsquare2waychutefloor	67302	67402	67502
corrsquare2way	66000	66100	66200	67000	67007	67100	67107	67200	67207	66001	66101	66201	67001	67101	67201	66002	66102	66202	67002	67003	67102	67103	67202	67203
corrsquare3waydoor1	67032	67132	67232
corrsquare3way	67005	67006	67105	67106	67205	67206
corrsquare4way	67004	67104	67204
corrsquarecornerdoor1	67123	67022	67023	67122	67123	67222	67223
corrsquarecornerchuteceiling	67328	67428	67528
corrsquarecornerchuteceilingfloor	67330	67430	67530
corrsquarecornerchutefloor	67300	67400	67500
corrsquarecornerporticullis	67031	67131	67231
corrsquarecorner	66006	66106	66206	67009	67109	67209	67008	67108	67208	67010	67110	67210
corrsquaredeadenddoor1	66003	66004	66005	66103	66104	66105	66203	66204	66205	67017	67018	67019	67117	67118	67119	67217	67218	67219
corrsquaredeadenddoor2	66008	66009	66020	66108	66109	66120	66208	66209	66220	67020	67021	67120	67121	67220	67221
corrsquaredeadenddoor3	66022	66122	66222
corrsquaredeadendchuteceiling	67327	67427	67527
corrsquaredeadendchuteceilingfloor	67329	67429	67529
corrsquaredeadendchutefloor	67301	67401	67501
corrsquaredeadend	66023	66123	66223	67014	67114	67214
corrsquarerampdoor1	67030	67130	67230
corrsquareramp	65017	67015	67024	67026	67115	67124	67126	67215	67224	67226
corrsquareslope	67027	67028	67029	67127	67128	67129	67227	67228	67229
corrsquarestairs	65018	67016	67025	67116	67125	67216	67225
corrarched2waydoor1	61011	61111	61211
corrarched2waydoor2	61009	61010	61109	61110	61209	61210
corrarched2waychutefloor	61016	61116	61216	61302	61402	61502
corrarched2waywindow	61029	61129	61229
corrarched2waybeams	60509	60609	60709
corrarched2way	61003	61103	61203	61008	61108	61208	61006	61106	61206	61007	61107	61207
corrarched3waydoor1	61000	61100	61200
corrarched3way	61012	61112	61212
corrarched4way	61001	61101	61201
corrarchedcornerdoor1	61023	61024	61123	61124	61223	61224
corrarchedcornerchutefloor	61300	61400	61500
corrarchedcornerchuteceilingfloor	60501	60601	60701
corrarchedcornerporticullis	60504	60604	60704
corrarchedcornerporticullisdoor1	60505	60605	60705
corrarchedcorner	61002	61102	61202	61004	61104	61204	61005	61105	61205
corrarcheddeadenddoor1	61014	61019	61020	61114	61119	61120	61219	61220
corrarcheddeadenddoor2	61021	61022	61121	61122	61221	61222
corrarcheddeadendchutefloor	61301	61401	61501
corrarcheddeadend	61013	61113	61213
corrarchedjunction2way	62303	62403	62503
corrarchedjunction3way	62300	62400	62500
corrarchedjunction4way	62000	62100	62200
corrarchedjunctiondeadend	62304	62404	62504
corrarchedjunction2x4way4	62001	62101	62201
corrarchedjunction2x6way4	62002	62102	62202
corrarchedramp	60500	60600	60700	61015	61031	61115	61131	61215	61231
corrarchedslope	61030	61130	61230
corrarchedstairsledge	59011	59013
corrarchedstairs	61017	61018	61117	61118	61217	61218
sewers2waydoor1	74535	74536	74537
sewers2way	74523	74524	74525	74526	74527	74528	74529	74533	74534
sewers3way	74541	74543
sewers4way	74540	74542
sewerscorner	74532	74538	74539
sewersdeep2waydoor1	74513	74514	74515	74516
sewersdeep2way	74501	74502	74503	74504	74506	74507
sewersdeep3way	74520	74522
sewersdeep4way	74519	74521
sewersdeepcorner	74510	74511	74517	74518
sewersramp	74530	74531
sewersrampdeep	74508	74509
door	55000	55005	9003	9004
secretdoorhexagonallarge	55019	55025
secretdoorhexagonal	55007	55018	55024
secretdoorlarge	55010	55021	55027	55032	55011	55022	55028
secretdoorstandard	55006	55009	55012	55017	55020	55023	55026	55029	55030	55031
chasm2waypath	62026	74112
chasm2way	62014	62015
chasmceiling	62017	62018	62021	74111
chasmledge2waydoor	62022	62122	62222
chasmledge2waygap	62030	62130	62230
chasmledge2way	62023	62123	62223
chasmledgedeadend	62024	62025	62124	62125	62224	62225
chasmledgewall	62027	62127	62227
cave2way	60100	60101	60102	60103	60107	60108	60109
cavecorner	60104	60105	60110
stonebridgemid	61608	61609
stonebridge	62012	62112	62212
stonebridgeend	61600	61601
chutes	58004	58012
circularstaircasebottom	56000	56300
circularstaircaselanding	56002	56303	56305
circularstaircasemid	56001	56301
circularstaircaseroommid	56006	56007	56008	56009
largehallcornerdoor1	58048	58049
largehallcornerledgegaps	58020	58023
largehall	58009	58050
largehallcornerfloor	58030	58028
largehallcornerwallsceiling	58026	58025	58027
ledgearched2waydoor1	61308	61309	61310	61324	61408	61409	61410	61424	61508	61509	61510	61524
ledgearched2waydoor2	61305	61306	61307	61320	61405	61406	61407	61420	61505	61506	61507	61520
ledgearched2way	61304	61316	61317	61404	61416	61417	61504	61516	61517
ledgearchedcornerinner	61313	61314	61315	61322	61413	61414	61415	61422	61513	61514	61515	61522
ledgearchedcorner	61303	61311	61312	61321	61323	61403	61411	61412	61421	61423	61503	61511	61512	61521	61523
ledgearcheddeadenddoor1	61318	61319	61418	61419	61518	61519
ledgesquare2waydoor1	67304	67305	67306	67318	67323
ledgesquare2waydoor2	67307	67308	67309	67324
ledgesquare2way	67303	67317	67319	67320	67331
ledgesquarecornerinner	67314	67315	67316	67322
ledgesquarecorner	67311	67312	67313	67321
ledgesquaredeadend	67332	67333	67334	67336	67337
platformmid2x2gap	58046	58047
platformmid	59014	59015
pyramidroom	58013	58014	58015	58016
rampsmall	59008	59009
stairscorner	59004	59005
stairs	59000	59001	59002	59003	59007	59012	59017
switchlevers	61027	61028
room1x1door2	60502	60602	60702
room1x1door1chute	67326	67426	67526
bldgstairwell	50025003	5004	5005	5006	5007	31023	5102	5202	5302	5402	5502	5602	5702	5802	5103	5203	5303	5403	5503	5603	5703	5803	5104	5204	5304	5404	5504	5604	5704	5804	5105	5205	5305	5405	5505	5605	5705	5805	5106	5206	5306	5406	5506	5606	5706	5806	5107	5207	5307	5407	5507	5607	5707	5807	31123	31223	31323	31423	31523	31623	31723	31823
bldgstairwellcircular	5000	5100	5200	5300	5400	5500	5600	5700	5800	31022	31122	31122	31122	31122	31122	31122	31122	31122
bldgstairwellcurved	5001	5101	5201	5301	5401	5501	5601	5701	5801
bldgroom1x1	8000	8100	8200	8300	8400	8500	8600	8700	8800
bldgroom1x2	8001	8101	8201	8301	8401	8501	8601	8701	8801
bldgroom1x3	8002	8102	8202	8302	8402	8502	8602	8702	8802
bldgroom1x4	8003	8103	8203	8303	8403	8503	8603	8703	8803
bldgroom1x5	8004	8104	8204	8304	8404	8504	8604	8704	8804
bldgroom1x6	8005	8105	8205	8305	8405	8505	8605	8705	8805
bldgroom2x1	8006	8106	8206	8306	8406	8506	8606	8706	8806
bldgroom2x2	8007	8107	8207	8307	8407	8507	8607	8707	8807
bldgroom2x2door2win	34000	34004	34100	34200	34300	34400	34500	34600	34700	34800	31004	34204	34304	34404	34504	34604	34704	34804
bldgroom2x3	8008	8108	8208	8308	8408	8508	8608	8708	8808
bldgroom2x4	8009	8109	8209	8309	8409	8509	8609	8709	8809
bldgroom2x5	8010	8110	8210	8310	8410	8510	8610	8710	8810
bldgroom2x6	8011	8111	8211	8311	8411	8511	8611	8711	8811
bldgroom3x1	8012	8112	8212	8312	8412	8512	8612	8712	8812
bldgroom3x2	8013	8113	8213	8313	8413	8513	8613	8713	8813
bldgroom3x3	8014	8114	8214	8314	8414	8514	8614	8714	8814
bldgroom3x4	8015	8115	8215	8315	8415	8515	8615	8715	8815
bldgroom3x5	8016	8116	8216	8316	8416	8516	8616	8716	8816
bldgroom3x6	8017	8117	8217	8317	8417	8517	8617	8717	8817
bldgroom4x1	8018	8118	8218	8318	8418	8518	8618	8718	8818
bldgroom4x2	8019	8119	8219	8319	8419	8519	8619	8719	8819
bldgroom4x3	8020	8120	8220	8320	8420	8520	8620	8720	8820
bldgroom4x4	8021	8121	8221	8321	8421	8521	8621	8721	8821
bldgroom4x5	8022	8122	8222	8322	8422	8522	8622	8722	8822
bldgroom4x6	8023	8123	8223	8323	8423	8523	8623	8723	8823
bldgroom5x1	8024	8124	8224	8324	8424	8524	8624	8724	8824
bldgroom5x2	8025	8125	8225	8325	8425	8525	8625	8725	8825
bldgroom5x3	8026	8126	8226	8326	8426	8526	8626	8726	8826
bldgroom5x4	8027	8127	8227	8327	8427	8527	8627	8727	8827
bldgroom5x5	8028	8128	8228	8328	8428	8528	8628	8728	8828
bldgroom5x6	8029	8129	8229	8329	8429	8529	8629	8729	8829
bldgroom6x1	8030	8130	8230	8330	8430	8530	8630	8730	8830
bldgroom6x2	8031	8131	8231	8331	8431	8531	8631	8731	8831
bldgroom6x3	8032	8132	8232	8332	8432	8532	8632	8732	8832
bldgroom6x4	8033	8133	8233	8333	8433	8533	8633	8733	8833
bldgroom6x5	8034	8134	8234	8334	8434	8534	8634	8734	8834
bldgroom6x6	8035	8135	8235	8335	8435	8535	8635	8735	8835
bldgroom3x3shapeJ	11000	11100	11200	11300	11400	11500	11600	11700	11800
bldgroom4x3Angled	11001	11101	11201	11301	11401	11501	11601	11701	11801
bldgroom4x3AngledWin	32001	32101	32201	32301	32401	32501	32601	32701	32801
bldgroom1x1Closet	36000	36001	36002	36100	36200	36300	36400	36500	36600	36700	36800	36101	36201	36301	36401	36501	36601	36701	36801	36102	36202	36302	36402	36502	36602	36702	36802
bldgroom2x2Closet	36003	36004	36103	36203	36303	36403	36503	36603	36703	36803	36104	36204	36304	36404	36504	36604	36704	36804
bldgroom3x3Closet	11002	11102	11202	11302	11402	11502	11602	11702	11802
bldgroom3x3ClosetWin	32002	32102	32202	32302	32402	32502	32602	32702	32802
bldgroom3x2Closet	11003	11103	11203	11303	11403	11503	11603	11703	11803
bldgroom3x2ClosetWin	32003	32103	32203	32303	32403	32503	32603	32703	32803
bldgroom3x3Closets	11004	11104	11204	11304	11404	11504	11604	11704	11804
bldgroom3x3ClosetsWin	32004	32104	32204	32304	32404	32504	32604	32704	32804
bldgroom2x4Angled	11005	11105	11205	11305	11405	11505	11605	11705	11805
bldgroom2x4AngledWin	32005	32105	32205	32305	32405	32505	32605	32705	32805
bldgroom3x3Angled	11006	11106	11206	11306	11406	11506	11606	11706	11806
bldgroom3x3AngledWin	32006	32106	32206	32306	32406	32506	32606	32706	32806
bldgroom4x4Angled	11007	11107	11207	11307	11407	11507	11607	11707	11807
bldgroom4x4AngledWin	32007	32107	32207	32307	32407	32507	32607	32707	32807
bldgroom4x6VaultedDoor2Exit1	11008	11108	11208	11308	11408	11508	11608	11708	11808
bldgroom3x5VaultedDoor2Exit1	11009	11109	11209	11309	11509	11509	11609	11709	11809
bldgroom2x4VaultedDoor2Exit1	11010	11110	11210	11310	11510	11510	11610	11710	11810
bldgroom3x3shapeM	12000	12100	12200	12300	12400	12500	12600	12700	12800
bldgroom3x3shapeMWin	33000	33100	33200	33300	33400	33500	33600	33700	33800
bldgroom3x4shapeM	12001	12101	12201	12301	12401	12501	12601	12701	12801
bldgroom3x4shapeMWin	33001	33101	33201	33301	33401	33501	33601	33701	33801
bldgroom4x5splitted	12002	12102	12202	12302	12402	12502	12602	12702	12802
bldgroom4x5splittedWin	33002	33102	33202	33302	33402	33502	33602	33702	33802
bldgroom2x3vaulted	12003	12103	12203	12303	12403	12503	12603	12703	12803
bldgroom2x3vaultedWin	33003	33103	33203	33303	33403	33503	33603	33703	33803
bldgroom3x3vaulted	12004	12104	12204	12304	12404	12504	12604	12704	12804
bldgroom3x3vaultedWin	33004	33104	33204	33304	33404	33504	33604	33704	33804
bldgroom3x4vaulted	12005	12105	12205	12305	12405	12505	12605	12705	12805
bldgroom3x4vaultedWin	33005	33105	33205	33305	33405	33505	33605	33705	33805
bldgroom3x5vaulted	12006	12106	12206	12306	12406	12506	12606	12706	12806
bldgroom3x5vaultedWin	33006	33106	33206	33306	33406	33506	33606	33706	33806
bldgroom4x6vaulted	12007	12107	12207	12307	12407	12507	12607	12707	12807
bldgroom4x6vaultedWin	33007	33107	33207	33307	33407	33507	33607	33707	33807
bldgroom2x2Door2	13000	13004	13100	13104	13200	13204	13300	13304	13400	13404	13500	13504	13600	13604	13700	13704	13800	13804
bldgroom4x2Door2	13001	13003	13101	13103	13201	13203	13301	13303	13401	13403	13501	13503	13601	13603	13701	13703	13801	13803
bldgroom3x2Door2	13002	13006	13102	13106	13202	13206	13302	13306	13402	13406	13502	13506	13602	13606	13702	13706	13802	13806
bldgroom2x4Door2	13005	13105	13205	13305	13405	13505	13605	13705	13805
bldgroom2x4Door2Win	34005	34105	34205	34305	34405	34505	34605	34705	34805
bldgroom4x4Door3	13007	13107	13207	13307	13407	13507	13607	13707	13807
bldgroom4x4Door3Win	34007	34107	34207	34307	34407	34507	34607	34707	34807
bldgroom2x2Door3	13008	13108	13208	13308	13408	13508	13608	13708	13808	14000	14100	14200	14300	14400	14500	14600	14700	14800
bldgroom2x2Door3Win	35000	35100	35200	35300	35400	35500	35600	35700	35800
bldgroom3x2Door3	13009	13109	13209	13309	13409	13509	13609	13709	13809
bldgroom3x2Door3Win	34009	34109	34209	34309	34409	34509	34609	34709	34809
bldgroom3x2ClosetDoor2	13010	13110	13210	13310	13410	13510	13610	13710	13810
bldgroom4x4ClosetDoor4	13011	13111	13211	13311	13411	13511	13611	13711	13811
bldgroom4x4ClosetDoor4Win	34011	34111	34211	34311	34411	34511	34611	34711	34811
bldgdeadend	31018	31118	31218	31318	31418	31518	31618	31718	31818
bldgdeadendexit	31019	31119	31219	31319	31419	31519	31619	31719	31819
bldgdeadenddoor2exit	31020	31120	31220	31320	31420	31520	31620	31720	31820	31021	31121	31221	31321	31421	31521	31621	31721	31821
bldgcornerdoor1	31026	31027	31126	31226	31326	31426	31526	31626	31726	31826	31127	31227	31327	31427	31527	31627	31727	31827
bldgcornerdoor2	31028	31128	31228	31328	31428	31528	31628	31728	31828
bldgroom3x3door3winshapeM	35010	35011	35110	35210	35310	35410	35510	35610	35710	35810	35111	35211	35311	35411	35511	35611	35711	35811
bldgroom3x3door3shapeM	14010	14110	14210	14310	14410	14510	14610	14710	14810	14011	14111	14211	14311	14411	14511	14611	14711	14811
bldgroom2x3door3win	35003	35004	35103	35203	35303	35403	35503	35603	35703	35803	35104	35204	35304	35404	35504	35604	35704	35804
bldgroom3x2door2	34002	34006	34102	34202	34302	34402	34502	34602	34702	34802	34106	34206	34306	34406	34506	34606	34706	34806
bldgroom4x2door2win	34001	34003	34101	34201	34301	34401	34501	34601	34701	34801	34103	34203	34303	34403	34503	34603	34703	34803
bldgroom3x3door4	14009	14109	14209	14309	14409	14509	14609	14709	14809
bldgroom3x3door4win	35009	35109	35209	35309	35409	35509	35609	35709	35809
bldgroom2x2door4	14001	14101	14201	14301	14401	14501	14601	14701	14801	14002	14102	14202	14302	14402	14502	14602	14702	14802	14902
bldgroom2x3door3	14003	14004	14103	14104	14203	14204	14303	14304	14403	14404	14503	14504	14603	14604	14703	14704	14803	14804	14903	14904
bldgroom4x2shapeJ	14005	14105	14205	14305	14405	14505	14605	14705	14805	14905
bldgroom4x2shapeJWin	35005	35105	35205	35305	35405	35505	35605	35705	35805	35905
bldgroom3x2shapeP	14007	14107	14207	14307	14407	14507	14607	14707	14807
bldgroom3x2shapePWin	35007	35107	35207	35307	35407	35507	35607	35707	35807
bldgroom4x4shapeL	14008	14108	14208	14308	14408	14508	14608	14708	14808
bldgroom4x4shapeLWin	35008	35108	35208	35308	35408	35508	35608	35708	35808
bldgroom3x3closetdoor2	14012	14112	14212	14312	14412	14512	14612	14712	14812
bldgroom2x2door2shapeL	15000	15100	15200	15300	15400	15500	15600	15700	15800
bldgroom2x3door2shapeL	15001	15101	15201	15301	15401	15501	15601	15701	15801
bldgroom3x3door2shapeL	15002	15102	15202	15302	15402	15502	15602	15702	15802
bldgroom2x2door2shapeLexit	15003	15103	15203	15303	15403	15503	15603	15703	15803
bldgroom2x3door2shapeLexit	15004	15104	15204	15304	15404	15504	15604	15704	15804
bldgcorr2Way	15005	15105	15205	15305	15405	15505	15605	15705	15805	15006	15106	15206	15306	15406	15506	15606	15706	15806	15007	15107	15207	15307	15407	15507	15607	15707	15807
bldgcorr2WayDoor1	15008	15108	15208	15308	15408	15508	15608	15708	15808
bldgcorr2WayDoor2	15009	15109	15209	15309	15409	15509	15609	15709	15809
bldgcorr2WayExit	31029	31129	31229	31329	31429	31529	31629	31729	31829
bldgcorr3Way	31024	31124	31224	31324	31424	31524	31624	31724	31824
bldgcorr3WayExit	31030	31130	31230	31330	31430	31530	31630	31730	31830
bldgcorr4Way	31025	31125	31225	31325	31425	31525	31625	31725	31825
bldgcorrdeadenddoor1	15012	15112	15212	15312	15412	15512	15612	15712	15812	15013	15113	15213	15313	15413	15513	15613	15713	15813	15015	15115	15215	15315	15415	15515	15615	15715	15815
bldgcorrdeadenddoor2	15010	15110	15210	15310	15410	15510	15610	15710	15810
bldgcorrdeadenddoor3	15011	15111	15211	15311	15411	15511	15611	15711	15811
bldgcorrcorner	15014	15114	15214	15314	15414	15514	15614	15714	15814
bldgcorrcornerdiag	31031	31131	31231	31331	31431	31531	31631	31731	31831
bldgroom1x1door2	16005	16105	16205	16305	16405	16505	16605	16705	16805
bldgroom1x2door2	16006	16106	16206	16306	16406	16506	16606	16706	16806
bldgroom1x3door2	16007	16107	16207	16307	16407	16507	16607	16707	16807
bldgroom1x1door2exit	16008	16108	16208	16308	16408	16508	16608	16708	16808
bldgroom2x1door2exit	16009	16109	16209	16309	16409	16509	16609	16709	16809
bldgroom1x2door2exit	16010	16110	16210	16310	16410	16510	16610	16710	16810	16011	16111	16211	16311	16411	16511	16611	16711	16811
bldgroom1x2door2exit2	16012	16112	16212	16312	16412	16512	16612	16712	16812	16013	16113	16213	16313	16413	16513	16613	16713	16813
bldgroom2x2door3shapeL	17000	17100	17200	17300	17400	17500	17600	17700	17800	17003	17103	17203	17303	17403	17503	17603	17703	17803
bldgroom3x2door3shapeL	17001	17101	17201	17301	17401	17501	17601	17701	17801	17004	17104	17204	17304	17404	17504	17604	17704	17804
bldgroom3x3oor3shapeL	17002	17102	17202	17302	17402	17502	17602	17702	17802	17005	17105	17205	17305	17405	17505	17605	17705	17805
bldgroom2x2door3shapeLexit	17006	17106	17206	17306	17406	17506	17606	17706	17806	17007	17107	17207	17307	17407	17507	17607	17707	17807
bldgroom2x2door4shapeLexit	18000	18100	18200	18300	18400	18500	18600	18700	18800	18003	18103	18203	18303	18403	18503	18603	18703	18803
bldgroom3x2door4shapeLexit	18001	18101	18201	18301	18401	18501	18601	18701	18801	18004	18104	18204	18304	18404	18504	18604	18704	18804
bldgroom3x3door4shapeLexit	18002	18102	18202	18302	18402	18502	18602	18702	18802
bldgroom3x3door4shapeL	18005	18105	18205	18305	18405	18505	18605	18705	18805
bldgroom1x2door3exit	18006	18106	18206	18306	18406	18506	18606	18706	18806
bldgroom1x3door3exit	18007	18107	18207	18307	18407	18507	18607	18707	18807
bldgroom1x2door4exit	18008	18108	18208	18308	18408	18508	18608	18708	18808
bldgroom1x3door4exit	18009	18109	18209	18309	18409	18509	18609	18709	18809
bldgcitywallsinterior	20022	20032
bldgattic2x2	28000	28100	28200	28300	28400	28500	28600	28700	28800
bldgattic2x3	28001	28101	28201	28301	28401	28501	28601	28701	28801
bldgattic3x3	28002	28102	28202	28302	28402	28502	28602	28702	28802
bldgattic3x4	28003	28103	28203	28303	28403	28503	28603	28703	28803
bldgattic3x5	28004	28104	28204	28304	28404	28504	28604	28704	28804
bldgattic3x6	28005	28105	28205	28305	28405	28505	28605	28705	28805
bldgattic4x3	28006	28106	28206	28306	28406	28506	28606	28706	28806
bldgattic4x4	28007	28107	28207	28307	28407	28507	28607	28707	28807
bldgattic4x5	28008	28108	28208	28308	28408	28508	28608	28708	28808
bldgattic4x6	28009	28109	28209	28309	28409	28509	28609	28709	28809
bldgattic5x5	28010	28110	28210	28310	28410	28510	28610	28710	28810
bldgattic5x6	28011	28111	28211	28311	28411	28511	28611	28711	28811
bldgattic6x6	28012	28112	28212	28312	28412	28512	28612	28712	28812
bldgattic4x5ShapeL	29000	29100	29200	29300	29400	29500	29600	29700	29800	29005	29105	29205	29305	29405	29505	29605	29705	29805
bldgattic6x6ShapeL	29001	29101	29201	29301	29401	29501	29601	29701	29801
bldgattic5x6ShapeL	29002	29102	29202	29302	29402	29502	29602	29702	29802
bldgattic5x7ShapeL	29003	29103	29203	29303	29403	29503	29603	29703	29803
bldgattic5x8ShapeL	29004	29104	29204	29304	29404	29504	29604	29704	29804
bldgattic4x6ShapeL	29006	29106	29206	29306	29406	29506	29606	29706	29806
bldgattic4x7ShapeL	29007	29107	29207	29307	29407	29507	29607	29707	29807
bldgsextlrgflatrnd	617	620
bldgsextlrgflatterraced	658	659	701	702	703	704	705	706	710
bldgsextlrgflat	121	238	244	247	547	548	549	550	551	552	553	616	618	621	623	624	640	641	642	643	660	661	700	862	863
bldgsextlrgShapeL	0	108
bldgsextlrgnoble	758	809	815	819	820	821	825	826	827	833	834	842	849	850	851
bldgsextlrgsemidetachednoble	822	823	824
bldgsextlrgterracednoble	828	829	830	831	832	844	846	847
bldgsextlrgsemidetached	843	845	848
bldgsextlrg	112	123	140	141	142	143	144	145	146	147	148	149	150	151	152	153	215	222	233	234	235	237	239	240	241	242	243	245	246	262	316	319	340	413	414	415	416	417	418	419	420	421	422	424	437	463	757	808	812	816	817	835
bldgsextmedflatshapeL	560	561	562	563
bldgsextmedflatround	603	604	613
bldgsextmedflattsemidetached	707	708	709
bldgsextmedflat	526	528	537	538	539	540	541	542	543	544	545	546	601	602	606
bldgsextmedshapeL	126	202	203	204	205	206	207	208	209	211	439	755
bldgsextmednoble	759	760	761	802	803	805	806	807	810	811	813
bldgsextmedround	502	503	504	505
bldgsextmed	109	111	115	116	117	122	127	128	129	130	131	132	133	134	135	136	137	138	139	221	231	301	302	303	304	307	308	309	311	312	313	315	320	321	325	326	337	338	339	434	440	460	461	762	763	800	801	804	814	212	213	214	216
bldgsextsmallflatfenced	607	608
bldgsextsmallflatShapeL	554	555	556	557	558	559	600
bldgsextsmallflatround	655	656	657
bldgsextsmallflat	527	529	530	531	532	533	534	535	536	609	610	611	614	615	622	627	637
bldgsextsmallshapeL	154	155	156	157	158	159	160	161	162	163	200	201	210	756
bldgsextsmall	107	118	119	120	125	236	318	322	327	328	330	331	332	333	334	335	336	410	411	412
bldgruins	41720	41721	41724	41725	41726	41727	41728	41729	43400	43401	43402	43403	43404	43405	43406	43407	43408	43409	43410	43411	43412	43413	43414	43415	43416	43417	43500	43501	43502	43503	43504	43505	43506	43507	43508	43509	43510	43511	43512	43513	43514	43515	43516	43517
citywallsstraight	445	20026	20028
dungeoncastle00	512	513
dungeoncastle01	644	645	646
dungeoncastle03	647	648
dungeoncastle04	649	650	651	652	653	654
dungeoncastle05	712	713	714	715	716
dungeoncastle06	717	718
dungeoncastle07	719	720	721	722
dungeoncastle08	726	727	728	729
dungeoncastle09	723	724	725
dungeonmound	43601	43602	43603
fortificationscorner	448	39002
fortificationsgateway	450	39001
fortificationsstraight	449	39000	39004	39005
guardtowerroundtop	20027	20033	20127	20227	20327	20427	20527	20627	20727	20827
hedgemaze	735	736	737	738	740	741	742	743
hedgerowcorner	744	750	40015	41235
hedgerowendcap	753	905	40013
hedgerowentrance	746	749	752
hedgerowstraight	747	748	754	40014
hedgerow3way	751	40016
hedgerowsingle	41236	41237
bldgsknightlyorderhalls	343	345	346	347	349	462
largeshrines	74094	74088
bldgsmagesguild	223	224	225	226	227	228	229	230	317	361	423
moundscarved	41216	41217
mounds	41215	41218	41219
bldgspalaces	407	408	409	451	458	459	507	508	509	510	511	730	731	732	733	734
ruinedcolumns	41722	41723	41730	41731	41732	41733
shipinterior	41508	41513
stonebridges	41211	41212	41213
bldgstavernlargeflat	113	626	662	663
bldgstavernlarge	220	248	250	253	428	836	838	839	840	841
bldgstavernmedium	249	251	252	429	430	431	432	438	837
bldgstemplarorders	103	259	305	435	260
bldgstemples	100	101	102	257	258	261	362	363	400	402	406	433	436
tents	41606	41607	41608	41609	41610
castledaggerfall	521	523	524	525
castlewayrest	900	901	902	903	904
sentinelpalace	633	634	635
woodfence01endcap	41200	41202
woodfence02endcap	41203	41205
woodfence03endcap	41206	41208
sentinelpalacewalls	628	629	630	631	632	636
pillarswooden	41901	41902
pillarsmarble	62315	62320	62316